<?xml version="1.0" encoding="UTF-8"?>
<project-private xmlns="http://www.netbeans.org/ns/project-private/1">
    <editor-bookmarks xmlns="http://www.netbeans.org/ns/editor-bookmarks/2" lastBookmarkId="0"/>
    <open-files xmlns="http://www.netbeans.org/ns/projectui-open-files/2">
        <group>
            <file>file:/Users/jeyabalaji/Desktop/Midnight%20Code%20530/surveyhik/web/user/edit_question.jsp</file>
            <file>file:/Users/jeyabalaji/Desktop/Midnight%20Code%20530/surveyhik/web/app/questionDetails.jsp</file>
            <file>file:/Users/jeyabalaji/Desktop/Midnight%20Code%20530/surveyhik/web/pathdb.jsp</file>
            <file>file:/Users/jeyabalaji/Desktop/Midnight%20Code%20530/surveyhik/web/user/create_sur_back.jsp</file>
            <file>file:/Users/jeyabalaji/Desktop/Midnight%20Code%20530/surveyhik/web/user/humans.txt</file>
            <file>file:/Users/jeyabalaji/Desktop/Midnight%20Code%20530/surveyhik/web/user/edit_user.jsp</file>
        </group>
    </open-files>
</project-private>
